{
    "stat": "ok",
    "areas": [
        {
            "corners": [
                [
                    52.96781866654816,
                    -0.13851139356328193
                ],
                [
                    52.96590444104482,
                    -0.020076540477532982
                ],
                [
                    53.021448772876546,
                    -0.017533527780198017
                ],
                [
                    53.023366839242115,
                    -0.13612027713060024
                ]
            ],
            "area_id": 3,
            "visbounds": [
                53.0237007149,
                -0.0192268605735,
                52.9662474624,
                -0.140178956667
            ],
            "name": "Boston",
            "center": [
                52.99464951267965,
                -0.0780597666307999
            ]
        },
        {
            "corners": [
                [
                    59.91627515279217,
                    30.179589184074935
                ],
                [
                    59.91904347639937,
                    30.312040870867495
                ],
                [
                    59.96420314356686,
                    30.308380949762554
                ],
                [
                    59.96142980821085,
                    30.17574948741463
                ]
            ],
            "area_id": 2,
            "visbounds": [
                59.9642031436,
                30.3120323508,
                59.9162564695,
                30.1757494874
            ],
            "name": "St. Petersburg",
            "center": [
                59.94025458603904,
                30.243938383471914
            ]
        },
        {
            "corners": [
                [
                    52.33450530012937,
                    4.905106274141581
                ],
                [
                    52.33475040880208,
                    4.969667179380959
                ],
                [
                    52.360142560912486,
                    4.96942854163098
                ],
                [
                    52.35989727136814,
                    4.904830778630756
                ]
            ],
            "area_id": 1,
            "visbounds": [
                52.3601418724,
                4.96967318463,
                52.3345251857,
                4.90482519633
            ],
            "name": "Amsterdam",
            "center": [
                52.34732830068883,
                4.937258133199437
            ]
        }
    ]
}